zip,year,property_crime,violent_crime,homicide,college,non_hip_white,rent_burdened,vacancy,severe_rent_b,med_rent,perc_under_18,perc_over_65,unemp_rate,eviction_rate,gardens,park_area
60601,2012,6471.6064,462.962,0.5812,80.76824584,66.01981412,,19.72918249,,1726,10.20289855,7.652173913,0.046680018,0.519465,1,0
60601,2016,6645.948,435.6814,0.5812,76.82160804,66.36728733,36.497715,16.87159847,19.31865393,1973,24.98694517,13.81201044,0.053606806,0.818005,1,0
60601,2019,1609.84212,140.90324,0.23964,83.45129761,59.3536829,36.77032188,15.92476489,18.8761593,2289,26.19047619,20.5952381,0.046620745,0.351791703,1,0
60602,2012,809.6934,58.9149,0.0903,83.39100346,61.27080182,,16.18421053,,1792,5.3894081,0.15576324,0.027586207,0.641695,0,5.590943296
60602,2016,824.9727,55.6381,0.107,88.249694,72.20447284,45.12195122,14.50704225,31.2195122,2255,4.182509506,0.494296578,0.008,0.894205,0,5.590943296
60602,2019,197.59506,17.60288,0.04588,93.18507891,49.74937343,37.03703704,10.20220588,10.55555556,2713,4.369501466,30.16574586,0.00209205,2.908293752,0,5.590943296
60603,2012,1122.7882,81.2531,0.2201,82.76836158,62.92134831,,38.87587822,,1923,0.184501845,0.664206642,0.04400978,1.505256,0,0
60603,2016,1074.7829,73.1253,0.2622,96.15384615,55.49076774,28,40.78780178,18.22222222,2343,1.901140684,1.140684411,0.073208723,1.607344,0,0
60603,2019,246.87882,20.5202,0.06832,95.24348811,58.34738617,19.04761905,23.33333333,12.16931217,2288,0.512820513,1.314102564,0.090647482,3.465160075,0,0
60604,2012,1162.7758,91.2854,0.2408,82.51928021,82.00934579,,32.47663551,,1776,0.228136882,0.247148289,0.126582278,1.519479,0,2.561176021
60604,2016,1145.849,87.7499,0.3754,87.01030928,58.31987076,16.37931034,29.44444444,14.22413793,1964,0.964125561,0.695067265,0.025462963,1.560796,0,2.561176021
60604,2019,260.08338,25.38078,0.17214,91.46341463,69.5473251,45.9375,15.14563107,42.8125,2106,1.118012422,0.683229814,0.075125209,2.921737102,0,2.561176021
60605,2012,11633.9454,984.919,4.3732,73.62376008,55.79149736,,10.2194539,,1605,57.02064897,12.94985251,0.043743969,1.553026303,1,115.4532408
60605,2016,10839.2012,978.1279,4.468,78.44375414,56.3385043,43.19708029,10.20022922,25.35766423,1847,76.09756098,22.65243902,0.04922697,0.805462546,1,115.4532408
60605,2019,2350.67174,292.4523,2.03294,78.36713044,57.20193861,32.86232823,7.616288976,18.30438164,2053,71.75595238,16.75595238,0.039161924,0.856180813,1,115.4532408
60606,2012,1754.3171,124.5921,0.2414,89.51446281,78.19924969,,19.84691088,,1846,5.080906149,0.355987055,0.020738493,1.187745,0,8.645646988
60606,2016,1583.8095,107.7234,0.2414,94.17731029,73.69644636,28.69641295,14.35304199,12.16097988,2060,6.151515152,6.090909091,0.023178808,0.90709,0,8.645646988
60606,2019,358.00536,28.37252,0.15754,94.16182998,57.2721598,12.42680547,14.88661302,4.359141184,2215,3.278236915,7.548209366,0.021033868,0.807749897,0,8.645646988
60607,2012,10041.1975,1018.7511,9.4106,70.811694,53.5197924,,11.47160138,,1412,91.5210356,9.029126214,0.097396936,1.413919,1,4.458411009
60607,2016,9149.4277,916.0707,4.0906,77.0904325,52.9372379,45.05395683,8.801580334,24.80515588,1683,99.14754098,11.93442623,0.062340561,0.533429,1,4.458411009
60607,2019,2084.75236,255.4583,1.06896,78.75722543,53.01920412,39.63422433,10.7976269,25.94960992,1985,104.0066225,13.70860927,0.066119161,0.326463136,1,4.458411009
60608,2012,13826.0206,3185.9468,71.4267,17.86935503,15.49313312,,14.17041275,,774,581.97411,16.47249191,0.160075567,1.104688469,1,7.058705052
60608,2016,11512.9922,2591.538,67.5288,23.66758401,17.43390716,48.81871067,11.38586197,24.59337528,834,510.6012658,20.88607595,0.108422841,0.512911291,1,7.058705052
60608,2019,1905.5744,588.97616,15.44022,31.17937348,20.65590981,40.11345219,9.320186819,19.07492831,960,454.3558282,31.7791411,0.067710614,0.361912813,1,7.058705052
60609,2012,15169.59,4972.7542,89.7653,10.73881722,16.73047715,,22.18420302,,784,679.3127148,13.50515464,0.20808337,1.831739696,1,9.495512256
60609,2016,11289.4916,4001.6998,131.9492,11.82407309,14.95100402,52.43594066,18.94680589,26.01989211,789,549.1772152,17.5,0.190212593,1.046859744,1,9.495512256
60609,2019,1633.4348,777.66394,25.30734,16.13093558,15.39363512,49.50660282,13.28359387,23.71208823,808,488.3281734,22.75541796,0.149625518,0.789901137,1,9.495512256
60610,2012,8680.4326,1405.4859,7.9616,71.34500969,68.87962425,,12.19531342,,1217,110.8092486,52.94797688,0.062220611,0.945804,0,8.611261703
60610,2016,7024.191,874.9302,13.2778,72.12866665,70.8101358,38.24984324,11.14174133,16.12206507,1398,105.7184751,49.94134897,0.050181987,0.509559,0,8.611261703
60610,2019,1545.63998,233.91396,3.21616,77.44323208,67.71743908,35.45985108,14.5326527,13.75192862,1659,111.257485,50.32934132,0.031564977,0.188021863,0,8.611261703
60611,2012,13217.211,679.2225,0.9695,80.39589793,75.23255013,,21.18198019,,1556,32.0979021,40.3962704,0.075100255,0.697928793,1,11.17158927
60611,2016,11732.36,644.8355,2.9695,83.09127492,72.75607515,39.97116598,20.48726902,20.13876374,1816,44.91002571,46.86375321,0.045756422,0.693540354,1,11.17158927
60611,2019,2567.5323,254.9067,1.3939,86.68697052,68.54170964,36.90566675,19.70862298,18.50350477,2017,47.71208226,59.12596401,0.030440355,0.315975288,1,11.17158927
60612,2012,14135.4503,3956.7841,52.5009,32.59814121,19.6127473,,16.92511346,,914,333.5973597,3.99339934,0.144306243,1.77034,0,3.079771698
60612,2016,10568.384,3517.3634,63.6489,32.29710275,19.4353047,44.48684475,13.65318444,23.94055031,926,277.8778135,8.681672026,0.156206089,1.342554,0,3.079771698
60612,2019,1783.0794,793.6407,18.87868,37.31052011,23.67866005,49.76670201,15.03604531,25.747614,1036,241.1384615,12.95384615,0.099197623,0.560344678,0,3.079771698
60613,2012,8511.1631,885.9529,8.1529,71.53682853,74.57978496,,8.716296422,,1108,176.5517241,22.13166144,0.058915421,0.883012,1,1.533591917
60613,2016,6374.8115,830.4013,4.8649,73.60271308,73.11335043,37.789717,10.58726787,16.69894421,1236,179.1277259,22.14953271,0.047865531,0.373864,1,1.533591917
60613,2019,1028.80984,178.08434,0.90814,75.28340029,71.94497947,34.00156523,8.621671412,14.45427729,1376,175.1488095,27.61904762,0.029881825,0.195102992,1,1.533591917
60614,2012,18560.6754,1362.0321,3.9744,82.61077844,81.69724566,,9.285287893,,1278,305.5481728,39.76744186,0.049966002,0.394289142,1,131.8528128
60614,2016,13626.8429,1039.8307,2.1931,83.09444456,79.48350688,36.19935128,7.982195035,16.4650157,1426,324.6843854,53.18936877,0.034087342,0.236168766,1,131.8528128
60614,2019,2523.2238,240.25042,0.85696,85.88307111,80.09973616,33.23310737,7.601659751,15.65711787,1669,331.6393443,58.78688525,0.026035817,0.130635637,1,131.8528128
60615,2012,9593.0358,2686.1199,42.1626,51.56448651,24.25835705,,15.98812908,,925,227.5443787,33.43195266,0.151555674,2.059591959,1,8.283575937
60615,2016,7646.7194,2223.1667,37.2822,56.43784651,25.52599548,53.52904435,13.39567854,31.86897078,1021,216.6567164,36.26865672,0.111005331,1.8260046,1,8.283575937
60615,2019,1403.26206,452.72474,9.5829,62.14776632,28.51352007,54.28552518,10.72697233,32.30524853,1141,176.1756374,37.11048159,0.091635916,1.046201158,1,8.283575937
60616,2012,9883.6897,1810.195,11.6498,36.99000349,23.56615096,,15.2503611,,879,205,21.33333333,0.131915809,1.830183018,1,67.28546721
60616,2016,8719.3607,1833.6763,17.6551,39.31540728,22.86420692,46.4042887,9.281776596,23.1498431,945,243.7292818,22.12707182,0.089310115,0.884283428,1,67.28546721
60616,2019,1502.5411,427.36976,6.10802,48.7150425,27.35696482,38.30150292,6.481693801,17.76596443,1021,206.0263158,25.55263158,0.053331096,0.655729165,1,67.28546721
60617,2012,20278.8249,6693.3886,116.8868,16.22621172,7.538700785,,16.63634526,,818,660.0560224,40.0280112,0.170044858,2.153366,1,18.4408346
60617,2016,14714.3766,5096.5702,109.6515,15.78916647,7.26481838,55.38315662,18.17672554,30.62667011,785,549.1466667,32.82666667,0.203065443,1.816764,1,18.4408346
60617,2019,2160.07218,929.51738,28.88254,19.23395913,5.882997771,49.65414243,16.24655489,29.76733218,846,615.6388889,37.77777778,0.145412747,1.270529436,1,18.4408346
60618,2012,16561.683,2498.4769,23.6334,37.74608934,43.5675487,,10.35143931,,987,666.9846154,40.15384615,0.082836567,0.767752,1,9.564850795
60618,2016,11898.903,1884.2294,18.4877,42.71176788,46.28367074,42.21760016,10.05897689,17.84281682,1078,622.7810651,35.20710059,0.05767708,0.351306,1,9.564850795
60618,2019,1905.35128,377.56612,5.15782,51.05196,47.93652135,35.00192107,10.29965818,15.97233657,1212,600.6395349,47.99418605,0.035380612,0.243740763,1,9.564850795
60619,2012,22086.2489,8625.9919,135.2476,22.55219254,0.680713617,,18.33899539,,831,411.1928934,27.8680203,0.224800415,3.531529847,1,5.901519761
60619,2016,16389.098,6267.6782,142.6381,22.01858789,1.169972303,59.50729806,20.34285714,36.59599762,840,370.4347826,26.01023018,0.21392132,2.494856514,1,5.901519761
60619,2019,2671.51114,1256.20494,33.91628,26.69026953,0.998826827,55.0321341,17.01959353,37.01716027,891,311.4180929,30.95354523,0.160512383,1.90320202,1,5.901519761
60620,2012,23338.2444,8228.8512,129.0517,13.48437199,0.580510472,,16.63903787,,891,522.7925532,31.35638298,0.260578926,3.008178818,1,5.459714504
60620,2016,17827.8068,6576.0397,147.7034,16.4838655,0.877357538,58.3824707,15.32385988,35.92487443,856,384.7222222,28.78787879,0.222758838,2.462392239,1,5.459714504
60620,2019,3017.2144,1312.27664,37.11534,18.25735119,1.159087273,54.93632959,16.20082305,33.15355805,903,381.1166253,33.77171216,0.164586223,1.912070821,1,5.459714504
60621,2012,15574.2965,7165.1649,112.1376,6.054667873,0.778662328,,31.38546905,,827,320.9810127,12.08860759,0.275936084,3.683419,1,5.375819469
60621,2016,10496.5766,5329.3651,138.9527,7.77057784,1.220405952,63.0694864,33.26688414,39.45619335,804,285.7692308,5.897435897,0.334045701,2.38481,1,5.375819469
60621,2019,1501.8512,1006.9412,36.76576,9.710577696,1.454967086,55.41262136,32.08191126,34.49029126,824,216.9364162,7.25433526,0.244494214,0.986268007,1,5.375819469
60622,2012,15630.0961,2459.0909,23.3556,59.47385613,57.64503621,,10.42306963,,1110,302.1935484,13.25806452,0.05942025,0.617812781,1,32.83661386
60622,2016,12311.0465,1841.6564,19.5092,64.58762381,60.38335139,35.07428194,8.024474843,16.9692968,1264,295.3773585,11.72955975,0.051704131,0.206783678,1,32.83661386
60622,2019,2080.69592,388.27444,5.57712,71.68561053,64.44284986,29.03335602,8.378898148,12.6480599,1524,240.125,11.5,0.025144966,0.183811146,1,32.83661386
60623,2012,16377.8188,6850.4322,141.5209,7.349603338,2.606715726,,23.94065051,,779,1020.25641,21.53846154,0.169446859,1.75780222,1,13.28069636
60623,2016,12283.2235,6398.3168,139.2398,8.28715015,2.128504487,57.44202987,18.74857571,32.11727571,799,945.9726962,23.27645051,0.127926191,1.272053795,1,13.28069636
60623,2019,2038.87428,1369.71664,39.55176,12.04293586,3.845263212,54.74297506,15.63667344,24.54937185,873,747.6996805,28.37060703,0.111161718,0.793452134,1,13.28069636
60624,2012,13570.1079,6994.0308,135.0716,8.923282698,1.568607544,,25.37747862,,903,497.2161172,12.74725275,0.244878957,3.318488,0,20.00339526
60624,2016,10286.2111,6152.4873,165.8153,7.628827308,2.247338333,58.41233581,24.76948339,38.62935465,877,418.6062718,14.66898955,0.180339298,2.32652,0,20.00339526
60624,2019,1843.68016,1455.41156,50.06334,11.10809588,3.354823986,64.22338569,20.96406883,43.06282723,951,317.4143302,10.21806854,0.203026482,1.529175165,0,20.00339526
60625,2012,9159.1022,1614.316,20.2938,39.64888239,41.32299676,,9.906459916,,944,518.0487805,35.51829268,0.092288726,0.893512,1,10.06889121
60625,2016,7045.2893,1439.7658,20.4039,46.97065122,43.4453049,43.0037938,9.100261878,19.86721714,1037,468.7647059,36.70588235,0.073078618,0.39796,1,10.06889121
60625,2019,1303.21694,330.75814,4.34966,51.61347961,46.29789394,40.50038239,7.622810241,17.62263739,1188,458.3954155,49.88538682,0.050937712,0.203232173,1,10.06889121
60626,2012,7301.4771,2212.8933,17.908,41.55422071,40.33110927,,14.28349756,,845,302.791411,16.59509202,0.085962931,2.461658332,1,19.14559519
60626,2016,5582.1275,1455.1082,24.3417,44.56192044,44.4120583,54.78545923,11.92421551,28.91178364,918,257.079646,19.61651917,0.08535633,1.002629526,1,19.14559519
60626,2019,1205.02156,284.87326,5.3278,48.51301645,45.24766254,50.71045889,9.45813195,26.62473795,1006,265.5489614,19.79228487,0.055349057,0.488645328,1,19.14559519
60628,2012,23207.3472,8483.2092,129.5281,16.21896234,1.912136322,,16.76402066,,950,514.4204852,33.15363881,0.205354752,2.706374088,1,4.877890395
60628,2016,15699.4498,6121.7522,131.1848,18.93951385,1.837625042,59.32365304,18.12645718,39.51089033,936,435.9630607,36.75461741,0.261181089,2.062860142,1,4.877890395
60628,2019,2506.78928,1209.95234,39.92248,21.69364657,2.424317007,52.94892582,19.42096808,36.41062019,959,369.4387755,31.02040816,0.201244949,1.472143938,1,4.877890395
60629,2012,22825.9487,6908.1883,106.0708,8.765723894,9.306212185,,13.27308832,,875,1256.460481,23.91752577,0.145461823,2.422619524,1,18.80304169
60629,2016,15804.4421,4649.4846,111.5477,8.458674609,8.412392271,59.06156156,10.98755854,32.5,883,1157.894737,35.39473684,0.173649907,1.554437888,1,18.80304169
60629,2019,2356.66482,893.28924,23.306,11.08971001,7.084221255,58.85881597,8.846932664,25.50881954,926,1014.583333,41.50641026,0.148170332,1.141378782,1,18.80304169
60630,2012,6483.8266,682.8431,3.9024,30.08675683,61.60888436,,7.395311382,,963,340.0263158,20.55263158,0.116957582,1.164828966,1,6.577212552
60630,2016,5479.2633,587.2036,7.6493,34.54175053,55.85055616,38.82918194,6.396157817,20.14161082,1005,320.3367876,24.97409326,0.072647839,0.591869374,1,6.577212552
60630,2019,878.76708,136.47886,1.83748,42.40476833,55.49989226,37.38571429,8.228154272,14.21428571,1101,278.1728395,34.7654321,0.048487559,0.410591283,1,6.577212552
60631,2012,1754.0924,101.4524,0.9801,35.3465071,86.25283252,,7.440713035,,1073,132,10.68965517,0.072948526,1.276023602,0,4.287811105
60631,2016,1357.7151,102.8722,0.2368,39.01980151,85.08747078,41.5010281,8.360992572,26.2165867,1119,127.9907621,13.90300231,0.046076314,0.23839584,0,4.287811105
60631,2019,225.35056,25.3806,0,45.9928511,79.985449,44.15133634,4.741626402,29.43422423,1168,135.7407407,20.83333333,0.025055083,0.487755239,0,4.287811105
60632,2012,13971.1594,3221.7315,65.9978,8.958143947,10.99096919,,12.95618414,,818,1021.122807,20.98245614,0.159375508,1.589430886,0,2.564753381
60632,2016,10518.8656,2625.5041,53.569,8.825393275,9.02605053,49.184311,10.47978872,23.25581395,828,908.0392157,30.8496732,0.118070356,0.598584717,0,2.564753381
60632,2019,1497.45922,517.67644,17.75132,11.17712588,8.903880528,48.14031377,8.56250227,18.20906046,895,837.3462783,34.27184466,0.102370488,0.296446487,0,2.564753381
60633,2012,1286.9986,217.3296,4.0864,14.93106154,31.1986625,,9.208371247,,905,100.2972973,4.081081081,0.13516706,1.963801,1,16.26328782
60633,2016,879.1638,169.8448,1.9562,15.57294578,34.86775376,38.88506538,9.524722116,29.66276669,904,69.61636829,3.938618926,0.114408124,1.521826,1,16.26328782
60633,2019,154.67408,39.08036,0.38932,14.20821791,30.00786164,48.39142091,11.82444686,25.80428954,888,70.22727273,3.813131313,0.08463365,2.007470015,1,16.26328782
60634,2012,9975.3441,1294.0036,10.302,21.24539996,59.53502341,,7.754460369,,939,396.6838046,30.79691517,0.109154142,1.457909,1,2.76044929
60634,2016,6768.1971,1026.8774,12.5285,23.28144132,56.04099098,47.38637915,8.655873629,22.51944861,983,415.8031088,42.27979275,0.069309418,0.694203,1,2.76044929
60634,2019,1009.0987,202.092,2.55648,25.74526748,52.67578435,42.35021155,6.238357994,21.46854101,1113,409.8488665,51.23425693,0.039692384,0.335988385,1,2.76044929
60636,2012,16657.5561,6641.7604,131.8713,7.265482599,1.524907657,,24.27408499,,874,352.7102804,14.39252336,0.345020168,2.837046295,1,8.058419667
60636,2016,11001.8557,5064.2823,132.9451,8.848945731,0.888789513,59.3919837,24.14768899,38.56997283,867,257.3937677,13.96600567,0.323502365,1.853508649,1,8.058419667
60636,2019,1632.86126,1001.38706,31.66516,10.01652411,1.314957222,59.61115807,23.53391837,34.94505495,884,162.0581114,10.21791768,0.2716408,1.625631623,1,8.058419667
60637,2012,16106.7453,6653.3539,119.4751,30.5793074,15.40437274,,24.90235153,,857,388.170347,20.75709779,0.227454486,3.075779844,1,78.26315346
60637,2016,11823.5449,4965.3152,93.1154,32.73914578,14.11570853,54.47632712,22.92585334,34.80631277,899,415.4455446,25.01650165,0.183376136,2.140211958,1,78.26315346
60637,2019,1840.2146,982.04802,24.59,34.20079537,13.83711203,55.50422386,18.61349296,33.79751848,972,363.2026144,29.83660131,0.178787446,1.38969862,1,78.26315346
60638,2012,5043.7206,840.0934,10,18.28465486,55.17146877,,7.005403356,,894,354.8655914,24.83870968,0.098622514,1.257425743,1,5.995197375
60638,2016,3748.9392,553.9189,7,19.97451905,47.6829564,46.03174603,5.530720944,24.61404653,934,352.3177083,30.078125,0.100645462,0.526574657,1,5.995197375
60638,2019,630.05712,118.46624,2.92592,21.80562282,42.33310549,38.56845031,4.508757849,20.5930044,999,384.7883598,30.23809524,0.079977121,0.446193429,1,5.995197375
60639,2012,15375.9924,4257.5167,41.2611,8.125804254,6.914711942,,11.6542267,,918,877.9344262,29.54098361,0.147799806,1.850129,0,8.38824229
60639,2016,10563.654,3148.8132,65.2685,10.54338413,7.112214697,58.56489624,10.08406329,31.34013366,925,805.0314465,29.65408805,0.11294711,0.965713,0,8.38824229
60639,2019,1666.64668,557.58724,14.3769,13.56110241,8.070948427,50.80293109,9.58553761,27.04240723,1015,677.5294118,37.38235294,0.073628917,0.659866983,0,8.38824229
60640,2012,9693.2939,1823.9919,16.6477,51.8629624,52.32829228,,9.38804819,,844,226.4402174,24.1576087,0.085219966,1.116773032,1,2.90536558
60640,2016,7686.67,1385.6644,29.759,53.56363905,54.8294777,45.05901221,8.490516054,21.95172102,920,225.04,33.33333333,0.079261025,0.490677203,1,2.90536558
60640,2019,1366.02692,285.63222,3.8115,59.8185728,54.75432407,42.92960032,6.996384298,19.26151349,1084,245.8695652,37.60869565,0.043207625,0.315773667,1,2.90536558
60641,2012,11313.4972,1864.208,18.2923,22.03418407,38.24585519,,9.624916771,,888,487.0254958,30.42492918,0.134274044,1.52350165,1,5.748733914
60641,2016,8759.0161,1437.3731,20.4406,27.89750517,36.72178024,47.32639729,8.845372252,23.39704815,934,434.8179272,40.81232493,0.077887594,0.721242876,1,5.748733914
60641,2019,1335.06588,290.39078,3.61736,32.28356207,35.71255505,44.78652832,8.493171132,22.60588535,1043,417.8861789,39.97289973,0.053958572,0.561319055,1,5.748733914
60642,2012,7073.8239,649.615,5.6938,60.24228321,55.56741183,,8.135143411,,1123,57.73584906,5.534591195,0.083948272,0.643910609,1,0
60642,2016,5080.1227,553.38,10.4678,64.76779791,58.87328276,37.4465172,9.667584579,13.43487934,1412,74.81132075,5.72327044,0.053793963,0.30440456,1,0
60642,2019,927.35812,127.21386,2.30628,73.95504039,61.14605517,28.34405145,7.415153532,11.44694534,1793,58.19620253,7.151898734,0.035741886,0.3500503,1,0
60643,2012,11492.5942,2779.0947,51.912,34.29744793,23.0929738,,12.00039819,,913,278.8028169,26.12676056,0.153632344,2.342224222,1,13.08784895
60643,2016,8379.9085,2125.8724,61.8333,35.43911523,21.17132279,49.3984109,9.14207484,31.16912599,944,251.3895216,23.46241458,0.128543801,1.170164016,1,13.08784895
60643,2019,1300.35946,388.40304,14.39556,38.05270342,21.7182739,42.79973208,8.409221002,26.56843045,1029,248.3944954,31.28440367,0.103482416,1.3172329,1,13.08784895
60644,2012,13660.2808,6913.6546,104.4934,9.555790407,2.35079456,,19.20479742,,849,403.3538462,14.89230769,0.263117521,4.272949,1,16.64308232
60644,2016,10751.0008,5822.7266,146.2876,10.79026851,2.20968879,60.60631579,14.21288107,36.73263158,861,427.9754601,13.19018405,0.187886085,2.655807,1,16.64308232
60644,2019,1875.08346,1332.6742,48.2062,11.32843527,4.007055903,61.90633518,13.08561386,38.21756009,938,344.8433048,20.88319088,0.144554761,1.845617703,1,16.64308232
60645,2012,5168.155,869.3752,5.9827,39.14934094,45.11168628,,11.67521368,,985,352.3229462,25.69405099,0.081877779,2.212133,1,27.62237533
60645,2016,3637.3681,684.1707,15.2338,41.66021921,43.81192845,55.04322767,10.01007726,29.62034833,995,352.4369748,28.59943978,0.109734746,1.27956,1,27.62237533
60645,2019,722.39866,145.7785,2.43628,47.153406,46.3217117,48.95630753,8.381634277,24.75042137,1149,359.5786517,38.31460674,0.073125897,0.594023906,1,27.62237533
60646,2012,2348.5756,155.5935,2.2719,46.58810495,74.18994413,,6.793215573,,896,141.7401392,14.98839907,0.087456202,2.181330867,1,9.478322903
60646,2016,1816.6194,139.4336,1,51.93708274,74.89983245,39.00069396,7.173289279,19.50034698,888,139.5216401,15.99088838,0.06262744,0.485774423,1,9.478322903
60646,2019,329.74436,35.64104,0.2,53.82846191,73.30165616,39.68582059,4.027556969,11.90574618,1076,149.2431193,22.70642202,0.047719446,0.551330874,1,9.478322903
60647,2012,19726.8209,3444.4742,28.5882,40.92469481,37.60101792,,11.60622029,,972,567.5796178,31.71974522,0.085627737,0.879366063,1,5.557635898
60647,2016,14318.4874,2434.7982,30.1488,46.35428534,40.02318097,42.38943403,10.58706259,21.00172069,1092,594.044586,23.75796178,0.059870852,0.356319368,1,5.557635898
60647,2019,2518.99392,472.18402,5.02578,57.37743632,48.50335053,37.1934968,8.758957737,15.8315565,1286,496.625,25.09375,0.039891442,0.210238621,1,5.557635898
60649,2012,16705.2738,5943.0182,86.0624,24.37175907,1.756671758,,23.25099891,,815,265.1436031,16.34464752,0.183056449,5.054532547,1,24.64294917
60649,2016,12505.399,4682.6014,90.5078,24.84240404,3.098323676,59.68242154,21.22559076,37.45813175,826,270.9375,18.09895833,0.196780646,3.818793121,1,24.64294917
60649,2019,1965.09072,966.78928,25.76104,26.11710554,3.158185371,50.90576503,18.20246118,31.37428453,916,278.7935657,29.24932976,0.159745653,2.584927295,1,24.64294917
60651,2012,16676.593,6767.8097,122.1555,9.906695213,3.002592505,,16.74727156,,933,589.1746032,16.31746032,0.206261373,2.684562456,1,2.449524715
60651,2016,12303.0474,5212.4095,128.9291,12.25909783,3.659385677,56.67443111,14.04631048,32.83461745,921,503.0930931,19.12912913,0.173363742,1.500786079,1,2.449524715
60651,2019,1951.33478,1058.31908,36.98252,13.22149489,4.998508142,56.81654676,11.46448719,32.41906475,1038,509.761194,30.14925373,0.111318802,1.170737743,1,2.449524715
60652,2012,6228.053,1444.6439,22.151,20.23486902,17.08043927,,5.35189038,,1107,335.3025937,12.65129683,0.112345966,2.428277,0,4.900637693
60652,2016,4928.0429,1064.514,28.629,20.56130648,11.8927547,57.91993037,5.64098879,38.64229765,1026,328.9518414,16.62889518,0.127712119,1.184378,0,4.900637693
60652,2019,776.40044,215.8948,4.8167,20.16362769,10.26574617,59.02168897,4.937195963,32.53345639,1139,313.8121547,19.36464088,0.112171096,1.333018235,0,4.900637693
60653,2012,7954.6985,2468.8209,38.6293,26.89668887,4.041563078,,16.70213413,,690,250,11.98250729,0.230889448,2.312658,1,6.281007697
60653,2016,5900.7613,2074.7523,39.7884,28.92745434,4.226123369,51.99889462,13.97609759,27.20154753,726,225.2631579,9.806094183,0.215410842,1.575482,1,6.281007697
60653,2019,1094.873,415.32678,7.21772,36.16121131,6.245904569,48.24797844,9.130310807,24.03269281,797,266.3372093,10.55232558,0.158383915,1.069551907,1,6.281007697
60654,2012,7051.0693,798.8687,7.3301,81.40505631,72.66379133,,17.21599465,,1764,23.58662614,5.987841945,0.07851486,1.088006,0,1.0523025
60654,2016,6264.5812,715.521,6.1089,83.74291115,73.33217913,34.3454039,9.557438795,13.09192201,1930,37.5617284,4.907407407,0.058315956,0.30989,0,1.0523025
60654,2019,1341.18372,202.36332,1.41988,88.46197183,71.96329041,30.94977502,9.321684095,12.81770643,2226,44.06626506,14.03614458,0.022412698,0.667990542,0,1.0523025
60655,2012,2184.0373,252.284,0,37.8728781,86.73480251,,5.838601711,,967,194.4854881,9.973614776,0.083954005,1.697567243,1,8.056845891
60655,2016,1669.0276,179.6963,0.9678,40.86612094,81.92477645,29.94692949,6.137654838,12.73692191,1036,190.2638522,11.02902375,0.051033208,1.031114889,1,8.056845891
60655,2019,275.19794,31.36922,0.39356,45.99903137,80.74610205,21.56862745,5.727512027,8.762254902,1108,180.1282051,11.92307692,0.041499242,1.291791781,1,8.056845891
60656,2012,2175.8919,148.2664,1.9603,28.59866074,78.77253688,,6.144890039,,1032,128.9108911,16.46039604,0.084175952,1.465883,0,2.399574124
60656,2016,1592.0989,177.2198,4.6929,36.30431699,77.44395903,42.36548715,5.755966067,22.5884634,1019,136.2128713,16.80693069,0.065249886,0.679982,0,2.399574124
60656,2019,272.36172,28.34872,0.5861,40.17094017,72.13787868,41.08140463,4.008891614,23.62330407,1158,130.6982544,19.52618454,0.04045512,0.438696346,0,2.399574124
60657,2012,14340.8242,1666.0494,3.1094,79.5082597,81.73257176,,8.704563414,,1172,225.8223684,27.03947368,0.046903,0.459518,1,0.867064449
60657,2016,11366.4917,1544.2467,2.1626,81.16617751,81.54197276,35.70722482,8.127771964,15.12012722,1370,251.618123,38.3171521,0.030975158,0.229429,1,0.867064449
60657,2019,2005.7575,269.8571,0.54304,84.32703214,77.9213778,36.3652342,7.999103184,14.11811231,1513,286.8910256,40.86538462,0.029837665,0.16222388,1,0.867064449
60659,2012,4726.7069,823.047,6.3084,34.69379992,39.4366548,,10.54180977,,983,297.8323699,21.06936416,0.093682239,1.54873,0,15.22272858
60659,2016,3514.7342,617.4759,7.3615,37.03262499,42.47211181,51.51935618,12.67882188,30.01248786,1063,275.483871,23.16715543,0.080301728,0.692511,0,15.22272858
60659,2019,645.46106,139.68866,1.81824,37.93127853,38.55575576,47.70502225,7.502867553,24.8951049,1171,322.3563218,35.48850575,0.069097889,0.438772745,0,15.22272858
60660,2012,4985.4741,970.9565,15.6852,49.75514526,49.4063293,,10.61613,,825,144.9157303,20.33707865,0.105363,1.992835284,1,4.886217882
60660,2016,3354.1638,597.0434,10.1062,51.45269194,52.34032297,46.64305513,12.11741311,22.06652294,917,135.309973,23.34231806,0.071120862,0.654263426,1,4.886217882
60660,2019,625.17938,130.60524,1.05368,52.19451149,49.52250116,43.19385396,9.587900044,19.62407697,1045,148.0939227,30.16574586,0.049763209,0.388989712,1,4.886217882
60661,2012,2524.954,206.6862,0.0035,84.7210588,64.3271622,,11.63922156,,1513,12.16828479,0.906148867,0.046663322,0.722518,0,2.586090172
60661,2016,2086.2292,163.0958,0.0014,90.51701398,58.07556459,32.56345178,9.739741338,15.86294416,1814,19.07643312,0.445859873,0.046705931,0.564353,0,2.586090172
60661,2019,379.30666,35.13888,0.46096,90.4383375,57.84423328,27.81937295,11.34564644,9.101544221,2034,29.11111111,4.031746032,0.016764669,0.297481074,0,2.586090172
60707,2012,3306.4138,322.2006,4.4104,25.47256253,57.79245283,,7.906505277,,875,236.0471204,20.20942408,0.112015019,1.884940988,1,0
60707,2016,2307.3989,284.2721,1.3256,26.3945803,49.91369589,56.2170309,7.233941127,33.0256217,946,242.1683673,20.43367347,0.085643761,1.130688138,1,0
60707,2019,308.65954,63.56158,0.83974,27.84347884,46.84922468,56.97119632,7.456087944,27.90245626,1095,221.7777778,24.81481481,0.059982862,0.560275307,1,0
60827,2012,1451.4222,899.129,18.1666,12.44673295,3.935813789,,20.35043608,,819,267.5555556,11.46031746,0.230959335,4.460428043,0,5.184203975
60827,2016,1372.6342,784.1262,16,12.43769561,2.667682927,43.72193581,20.37893141,30.10144687,726,272.1630094,15.29780564,0.258436599,3.363926393,0,5.184203975
60827,2019,235.8,155.8,7.2,14.7217448,2.280509761,45.06769826,17.20625395,27.30496454,854,254.7678019,12.94117647,0.196730161,1.572571023,0,5.184203975